<?xml version="1.0" encoding="utf-8" ?>
<Defs>

	<IncidentDef>
		<defName>LuciferiumRain</defName>
		<label>luciferium rain</label>
		<category>Misc</category>
		<targetType>MapPlayerHome</targetType>
		<workerClass>IncidentWorker_MakeGameCondition</workerClass>
		<gameCondition>LuciferiumRain</gameCondition>
		<letterLabel>Luciferium rain</letterLabel>
		<letterText>A ship transporting advanced glitterworld nannites was shot down by an unknown entity overhead, causing its cargo to fall to the planet.\n\nThe nannites will find and enter the body of person or creature not under a roof.\n\nIt will last for anywhere between a few hours to a couple days.</letterText>
		<letterDef>BadNonUrgent</letterDef>
		<baseChance>0.1</baseChance>
		<earliestDay>90</earliestDay>
		<minRefireDays>45</minRefireDays>
		<minDifficulty>0</minDifficulty>
		<durationDays>
			<min>0.5</min>
			<max>2.5</max>
		</durationDays>
	</IncidentDef>
	
</Defs>