<?xml version="1.0" encoding="utf-8" ?>
<Defs>

 <HediffDef>
    <defName>LuciferiumHigh</defName>
    <hediffClass>HediffWithComps</hediffClass>
    <label>luciferium</label>
    <defaultLabelColor>(1,1,0.5)</defaultLabelColor>
    <scenarioCanAdd>true</scenarioCanAdd>
    <maxSeverity>1.0</maxSeverity>
		<comps>
			<li Class="HediffCompProperties_HealOldWounds" />
		</comps>
    <stages>
      <li>
        <painFactor>0.8</painFactor>
        <capMods>
          <li>
            <capacity>Consciousness</capacity>
            <offset>0.10</offset>
          </li>
          <li>
            <capacity>Moving</capacity>
            <offset>0.05</offset>
          </li>
					<li>
						<capacity>Sight</capacity>
						<offset>0.15</offset>
					</li>
          <li>
            <capacity>BloodFiltration</capacity>
            <offset>0.70</offset>
          </li>
          <li>
            <capacity>BloodPumping</capacity>
            <offset>0.15</offset>
          </li>
           <li>
            <capacity>Metabolism</capacity>
            <offset>0.20</offset>
          </li>
          <li>
            <capacity>Breathing</capacity>
            <offset>0.10</offset>
          </li>
        </capMods>
      </li>
    </stages>
  </HediffDef>
  
  <HediffDef Name="AddictionBase" Abstract="True">
    <defaultLabelColor>(255,0,127)</defaultLabelColor>
    <initialSeverity>0.5</initialSeverity>
    <maxSeverity>1.0</maxSeverity>
    <scenarioCanAdd>true</scenarioCanAdd>
  </HediffDef>
  
   <HediffDef ParentName="AddictionBase">
    <defName>LuciferiumAddiction</defName>
    <hediffClass>Hediff_Addiction</hediffClass>
    <label>luciferium need</label>
    <causesNeed>Chemical_Luciferium</causesNeed>
    <stages>
      <li>
      </li>
      <li>
        <label>unmet</label>
        <painOffset>0.4</painOffset>
        <lifeThreatening>true</lifeThreatening>
        <deathMtbDays>10</deathMtbDays>
        <capMods>
          <li>
            <capacity>Consciousness</capacity>
            <setMax>0.8</setMax>
          </li>
        </capMods>
        <mentalStateGivers>
          <li>
            <mentalState>Berserk</mentalState>
            <mtbDays>0.4</mtbDays>
          </li>
        </mentalStateGivers>
      </li>
    </stages>
  </HediffDef>
  
    <NeedDef Name="DrugAddictionNeedBase" Abstract="True">
    <onlyIfCausedByHediff>true</onlyIfCausedByHediff>
    <tutorHighlightTag>NeedAddiction</tutorHighlightTag>
    <showForCaravanMembers>true</showForCaravanMembers>
  </NeedDef>
  
  <HediffDef Name="DrugToleranceBase" Abstract="True">
    <hediffClass>HediffWithComps</hediffClass>
    <defaultLabelColor>(179,86,132)</defaultLabelColor>
    <maxSeverity>1.0</maxSeverity>
    <scenarioCanAdd>true</scenarioCanAdd>
    <stages>
      <li>
        <minSeverity>0</minSeverity>
        <everVisible>false</everVisible>
      </li>
      <li>
        <minSeverity>0.20</minSeverity>
        <label>small</label>
      </li>
      <li>
        <minSeverity>0.50</minSeverity>
        <label>large</label>
      </li>
      <li>
        <minSeverity>0.80</minSeverity>
        <label>massive</label>
      </li>
    </stages>
  </HediffDef> 
  
  <HediffDef ParentName="DrugToleranceBase">
    <defName>LuciferiumBuildup</defName>
	<label>luciferium buildup</label>
    <comps>
      <li Class="HediffCompProperties_SeverityPerDay">
        <severityPerDay>1</severityPerDay>
      </li>
    </comps>
	<stages>
		<li>
			<label>Absorbed</label>
			<minSeverity>0</minSeverity>
			<everVisible>false</everVisible>
		</li>
	</stages>
		<hediffGivers>
			<li Class="HediffGiver_RandomDrugEffect">
				<hediff>LuciferiumHigh</hediff>
				<minSeverity>1</minSeverity>
				<baseMtbDays>0.01</baseMtbDays>
			</li>
			<li Class="HediffGiver_RandomDrugEffect">
				<hediff>LuciferiumAddiction</hediff>
				<minSeverity>1</minSeverity>
				<baseMtbDays>0.01</baseMtbDays>
			</li>
		</hediffGivers>
  </HediffDef>
  
</Defs>